Store;Product Type
South Outlet;High Fashion
South Outlet;Mid-Range
West Outlet;Budget
West Outlet;Mid-Range
East Outlet;Mid-Range
South Outlet;Budget
West Outlet;Budget
West Outlet;Mid-Range
East Outlet;High Fashion
West Outlet;Mid-Range
West Outlet;Mid-Range
East Outlet;Mid-Range
West Outlet;Budget
East Outlet;High Fashion
South Outlet;High Fashion
East Outlet;High Fashion
East Outlet;High Fashion
West Outlet;Mid-Range
South Outlet;Mid-Range
South Outlet;High Fashion
West Outlet;Budget
West Outlet;Mid-Range
West Outlet;Budget
South Outlet;High Fashion
West Outlet;Mid-Range
East Outlet;Budget
West Outlet;High Fashion
West Outlet;Budget
South Outlet;High Fashion
West Outlet;Budget
South Outlet;High Fashion
South Outlet;Budget
East Outlet;High Fashion
East Outlet;Budget
East Outlet;High Fashion
South Outlet;High Fashion
West Outlet;Mid-Range
East Outlet;Budget
West Outlet;Budget
South Outlet;Budget
West Outlet;Budget
East Outlet;High Fashion
West Outlet;Budget
West Outlet;High Fashion
West Outlet;Mid-Range
East Outlet;Mid-Range
South Outlet;High Fashion
South Outlet;High Fashion
South Outlet;High Fashion
South Outlet;High Fashion
South Outlet;High Fashion
South Outlet;High Fashion
East Outlet;Mid-Range
South Outlet;Mid-Range
West Outlet;Mid-Range
West Outlet;Mid-Range
East Outlet;High Fashion
West Outlet;Mid-Range
West Outlet;High Fashion
West Outlet;Mid-Range
West Outlet;Mid-Range
South Outlet;High Fashion
East Outlet;Mid-Range
West Outlet;Mid-Range
West Outlet;Mid-Range
East Outlet;High Fashion
South Outlet;High Fashion
West Outlet;Mid-Range
East Outlet;High Fashion
West Outlet;Budget
East Outlet;High Fashion
West Outlet;High Fashion
West Outlet;Mid-Range
South Outlet;High Fashion
West Outlet;High Fashion
South Outlet;High Fashion
East Outlet;High Fashion
West Outlet;High Fashion
East Outlet;Mid-Range
West Outlet;Budget
South Outlet;High Fashion
East Outlet;Mid-Range
South Outlet;High Fashion
South Outlet;Mid-Range
West Outlet;Budget
West Outlet;Budget
East Outlet;High Fashion
West Outlet;Mid-Range
East Outlet;High Fashion
East Outlet;Budget
South Outlet;High Fashion
South Outlet;High Fashion
West Outlet;Budget
East Outlet;Budget
West Outlet;Mid-Range
South Outlet;High Fashion
West Outlet;Budget
South Outlet;High Fashion
East Outlet;Mid-Range
East Outlet;High Fashion
East Outlet;High Fashion
East Outlet;Budget
South Outlet;High Fashion
East Outlet;Mid-Range
South Outlet;High Fashion
East Outlet;High Fashion
East Outlet;Budget
West Outlet;Mid-Range
West Outlet;Mid-Range
South Outlet;Mid-Range
East Outlet;Budget
West Outlet;Budget
South Outlet;Budget
East Outlet;High Fashion
West Outlet;Mid-Range
East Outlet;Budget
West Outlet;Budget
South Outlet;High Fashion
West Outlet;Mid-Range
West Outlet;Mid-Range
East Outlet;Budget
East Outlet;Budget
South Outlet;Budget
South Outlet;Mid-Range
South Outlet;High Fashion
East Outlet;Budget
West Outlet;Budget
South Outlet;Budget
South Outlet;High Fashion
East Outlet;High Fashion
West Outlet;Mid-Range
West Outlet;Budget
South Outlet;High Fashion
West Outlet;Budget
South Outlet;Mid-Range
South Outlet;High Fashion
South Outlet;Mid-Range
West Outlet;Mid-Range
South Outlet;Budget
East Outlet;High Fashion
East Outlet;Budget
East Outlet;High Fashion
East Outlet;Budget
East Outlet;Mid-Range
South Outlet;High Fashion
West Outlet;Mid-Range
West Outlet;Budget
East Outlet;Mid-Range
East Outlet;Budget
East Outlet;Budget
East Outlet;High Fashion
East Outlet;High Fashion
East Outlet;Budget
South Outlet;High Fashion
South Outlet;Budget
West Outlet;Mid-Range
West Outlet;Budget
South Outlet;High Fashion
East Outlet;High Fashion
East Outlet;Budget
South Outlet;High Fashion
East Outlet;Budget
West Outlet;Budget
East Outlet;High Fashion
West Outlet;Budget
West Outlet;Budget
West Outlet;Budget
East Outlet;Budget
East Outlet;Budget
South Outlet;High Fashion
East Outlet;Budget
East Outlet;Budget
South Outlet;High Fashion
South Outlet;High Fashion
South Outlet;High Fashion
East Outlet;Budget
West Outlet;Mid-Range
West Outlet;Mid-Range
South Outlet;High Fashion
West Outlet;Budget
East Outlet;High Fashion
South Outlet;Budget
East Outlet;High Fashion
West Outlet;Mid-Range
West Outlet;Budget
South Outlet;Budget
South Outlet;High Fashion
South Outlet;Budget
West Outlet;Mid-Range
West Outlet;Budget
East Outlet;Budget
East Outlet;High Fashion
South Outlet;Budget
East Outlet;High Fashion
East Outlet;High Fashion
East Outlet;High Fashion
South Outlet;High Fashion
South Outlet;High Fashion
East Outlet;High Fashion
East Outlet;High Fashion
West Outlet;Budget
East Outlet;Budget
West Outlet;Budget
West Outlet;Mid-Range
West Outlet;Budget
East Outlet;Budget
East Outlet;Budget
East Outlet;High Fashion
West Outlet;Budget
East Outlet;Mid-Range
South Outlet;High Fashion
South Outlet;Budget
South Outlet;High Fashion
East Outlet;Budget
East Outlet;Mid-Range
South Outlet;High Fashion
West Outlet;High Fashion
West Outlet;Budget
East Outlet;Budget
West Outlet;Mid-Range
South Outlet;Budget
West Outlet;Mid-Range
West Outlet;Budget
West Outlet;Budget
South Outlet;Mid-Range
East Outlet;Mid-Range
East Outlet;High Fashion
East Outlet;Budget
South Outlet;Budget
South Outlet;High Fashion
South Outlet;High Fashion
East Outlet;Budget
East Outlet;Mid-Range
East Outlet;Budget
South Outlet;High Fashion
West Outlet;Mid-Range
East Outlet;High Fashion
West Outlet;Budget
South Outlet;Mid-Range
South Outlet;Mid-Range
South Outlet;Mid-Range
East Outlet;Budget
South Outlet;High Fashion
West Outlet;Budget
East Outlet;Budget
South Outlet;High Fashion
South Outlet;Mid-Range
South Outlet;High Fashion
East Outlet;Budget
East Outlet;Budget
West Outlet;Budget
South Outlet;High Fashion
South Outlet;High Fashion
East Outlet;Mid-Range
South Outlet;High Fashion
West Outlet;Budget
South Outlet;High Fashion
West Outlet;Budget
West Outlet;Budget
South Outlet;High Fashion
South Outlet;High Fashion
East Outlet;Budget
South Outlet;High Fashion
South Outlet;High Fashion
South Outlet;High Fashion
West Outlet;Budget
East Outlet;Budget
West Outlet;Budget
South Outlet;High Fashion
West Outlet;Budget
East Outlet;Budget
West Outlet;High Fashion
West Outlet;Mid-Range
East Outlet;Mid-Range
South Outlet;High Fashion
East Outlet;Budget
East Outlet;High Fashion
East Outlet;Mid-Range
South Outlet;High Fashion
East Outlet;Mid-Range
South Outlet;Mid-Range
East Outlet;Budget
East Outlet;Mid-Range
East Outlet;Mid-Range
West Outlet;High Fashion
South Outlet;High Fashion
West Outlet;Mid-Range
East Outlet;Budget
West Outlet;Budget
West Outlet;Budget
West Outlet;Budget
West Outlet;Budget
East Outlet;High Fashion
South Outlet;High Fashion
South Outlet;High Fashion
South Outlet;High Fashion
West Outlet;Budget
West Outlet;High Fashion
West Outlet;Budget
East Outlet;High Fashion
East Outlet;High Fashion
East Outlet;High Fashion
East Outlet;Budget
West Outlet;Budget
East Outlet;Budget
South Outlet;High Fashion
East Outlet;Budget
East Outlet;High Fashion
South Outlet;Mid-Range
East Outlet;High Fashion
South Outlet;High Fashion
West Outlet;Budget
West Outlet;Budget
West Outlet;Budget
South Outlet;Budget
West Outlet;Budget
West Outlet;Budget
South Outlet;Budget
East Outlet;High Fashion
West Outlet;Budget
East Outlet;Budget
South Outlet;Budget
West Outlet;Budget
South Outlet;High Fashion
East Outlet;Budget
West Outlet;High Fashion
South Outlet;High Fashion
South Outlet;High Fashion
East Outlet;High Fashion
South Outlet;High Fashion
West Outlet;Budget
South Outlet;High Fashion
West Outlet;High Fashion
West Outlet;High Fashion
South Outlet;High Fashion
West Outlet;Budget
West Outlet;High Fashion
West Outlet;High Fashion
South Outlet;Budget
West Outlet;Budget
West Outlet;High Fashion
South Outlet;Budget
South Outlet;Budget
West Outlet;Mid-Range
East Outlet;High Fashion
East Outlet;Budget
West Outlet;Mid-Range
East Outlet;Budget
South Outlet;Mid-Range
South Outlet;Budget
West Outlet;Mid-Range
East Outlet;Budget
South Outlet;High Fashion
East Outlet;Budget
West Outlet;Mid-Range
West Outlet;Mid-Range
West Outlet;Mid-Range
West Outlet;Budget
East Outlet;Mid-Range
West Outlet;Mid-Range
